feature,coefficient,abs_coefficient
num__tenure,-1.352313020086635,1.352313020086635
cat__Contract_Two year,-0.7790298012432673,0.7790298012432673
num__TotalCharges,0.6440135457061182,0.6440135457061182
cat__InternetService_DSL,-0.6161322185962865,0.6161322185962865
cat__Contract_Month-to-month,0.6138456087440152,0.6138456087440152
cat__InternetService_Fiber optic,0.5901840344393025,0.5901840344393025
num__MonthlyCharges,-0.5410063543012867,0.5410063543012867
cat__PaperlessBilling_No,-0.30038653030345874,0.30038653030345874
cat__MultipleLines_No,-0.2934703186211057,0.2934703186211057
cat__InternetService_No,-0.2837236705575218,0.2837236705575218
cat__OnlineSecurity_No internet service,-0.2837236705575218,0.2837236705575218
cat__DeviceProtection_No internet service,-0.2837236705575218,0.2837236705575218
cat__StreamingTV_No internet service,-0.2837236705575218,0.2837236705575218
cat__OnlineBackup_No internet service,-0.2837236705575218,0.2837236705575218
cat__TechSupport_No internet service,-0.2837236705575218,0.2837236705575218
cat__StreamingMovies_No internet service,-0.2837236705575218,0.2837236705575218
cat__Dependents_Yes,-0.270520498838797,0.270520498838797
cat__StreamingTV_No,-0.21706126058368577,0.21706126058368577
cat__PhoneService_Yes,-0.20530661626926597,0.20530661626926597
cat__PaymentMethod_Bank transfer (automatic),-0.2047553760628034,0.2047553760628034
